,,,,,,,,,,,,,,,,,,,,,,,,,,,,,,,,,,,,,,,,,,,,,,,,,,,,,,,,,,,,,,,,,,,,,,,,,,,,,,,,,,,,,,,,,,,,,,,,,,,,,,,,,,,,,,,,,,,,,,,,,,,,,,,,,,,,,,,,,,,,,,,,,,,,,,,,
Theme: Economy & Prices,,,,,,,,,,,,,,,,,,,,,,,,,,,,,,,,,,,,,,,,,,,,,,,,,,,,,,,,,,,,,,,,,,,,,,,,,,,,,,,,,,,,,,,,,,,,,,,,,,,,,,,,,,,,,,,,,,,,,,,,,,,,,,,,,,,,,,,,,,,,,,,,,,,,,,,,
Subject: Prices and Price Indices,,,,,,,,,,,,,,,,,,,,,,,,,,,,,,,,,,,,,,,,,,,,,,,,,,,,,,,,,,,,,,,,,,,,,,,,,,,,,,,,,,,,,,,,,,,,,,,,,,,,,,,,,,,,,,,,,,,,,,,,,,,,,,,,,,,,,,,,,,,,,,,,,,,,,,,,
Topic: Consumer Price Index (CPI)/ Inflation Rate,,,,,,,,,,,,,,,,,,,,,,,,,,,,,,,,,,,,,,,,,,,,,,,,,,,,,,,,,,,,,,,,,,,,,,,,,,,,,,,,,,,,,,,,,,,,,,,,,,,,,,,,,,,,,,,,,,,,,,,,,,,,,,,,,,,,,,,,,,,,,,,,,,,,,,,,
"Table Title: Consumer Price Index (CPI), 2019 As Base Year, Annual",,,,,,,,,,,,,,,,,,,,,,,,,,,,,,,,,,,,,,,,,,,,,,,,,,,,,,,,,,,,,,,,,,,,,,,,,,,,,,,,,,,,,,,,,,,,,,,,,,,,,,,,,,,,,,,,,,,,,,,,,,,,,,,,,,,,,,,,,,,,,,,,,,,,,,,,
,,,,,,,,,,,,,,,,,,,,,,,,,,,,,,,,,,,,,,,,,,,,,,,,,,,,,,,,,,,,,,,,,,,,,,,,,,,,,,,,,,,,,,,,,,,,,,,,,,,,,,,,,,,,,,,,,,,,,,,,,,,,,,,,,,,,,,,,,,,,,,,,,,,,,,,,
Data last updated: 23/01/2025,,,,,,,,,,,,,,,,,,,,,,,,,,,,,,,,,,,,,,,,,,,,,,,,,,,,,,,,,,,,,,,,,,,,,,,,,,,,,,,,,,,,,,,,,,,,,,,,,,,,,,,,,,,,,,,,,,,,,,,,,,,,,,,,,,,,,,,,,,,,,,,,,,,,,,,,
Source: SINGAPORE DEPARTMENT OF STATISTICS,,,,,,,,,,,,,,,,,,,,,,,,,,,,,,,,,,,,,,,,,,,,,,,,,,,,,,,,,,,,,,,,,,,,,,,,,,,,,,,,,,,,,,,,,,,,,,,,,,,,,,,,,,,,,,,,,,,,,,,,,,,,,,,,,,,,,,,,,,,,,,,,,,,,,,,,
,,,,,,,,,,,,,,,,,,,,,,,,,,,,,,,,,,,,,,,,,,,,,,,,,,,,,,,,,,,,,,,,,,,,,,,,,,,,,,,,,,,,,,,,,,,,,,,,,,,,,,,,,,,,,,,,,,,,,,,,,,,,,,,,,,,,,,,,,,,,,,,,,,,,,,,,
Data Series,All Items (Index),All Items -> Food (Index),All Items -> Food Excl Food Serving Services (Index),All Items -> Food Excl Food Serving Services -> Bread & Cereals (Index),All Items -> Food Excl Food Serving Services -> Bread & Cereals -> Rice (Index),All Items -> Food Excl Food Serving Services -> Bread & Cereals -> Flour (Index),All Items -> Food Excl Food Serving Services -> Bread & Cereals -> Bread (Index),All Items -> Food Excl Food Serving Services -> Bread & Cereals -> Noodles & Pasta (Index),All Items -> Food Excl Food Serving Services -> Bread & Cereals -> Biscuits & Cookies (Index),All Items -> Food Excl Food Serving Services -> Bread & Cereals -> Cakes & Pastries (Index),All Items -> Food Excl Food Serving Services -> Bread & Cereals -> Other Cereals (Index),All Items -> Food Excl Food Serving Services -> Meat (Index),"All Items -> Food Excl Food Serving Services -> Meat -> Pork, Chilled (Index)","All Items -> Food Excl Food Serving Services -> Meat -> Beef, Chilled (Index)","All Items -> Food Excl Food Serving Services -> Meat -> Mutton, Chilled (Index)","All Items -> Food Excl Food Serving Services -> Meat -> Poultry, Chilled (Index)","All Items -> Food Excl Food Serving Services -> Meat -> Meat, Frozen (Index)",All Items -> Food Excl Food Serving Services -> Meat -> Meat Preparations (Index),All Items -> Food Excl Food Serving Services -> Fish & Seafood (Index),"All Items -> Food Excl Food Serving Services -> Fish & Seafood -> Fish, Chilled (Index)","All Items -> Food Excl Food Serving Services -> Fish & Seafood -> Fish, Frozen (Index)",All Items -> Food Excl Food Serving Services -> Fish & Seafood -> Other Seafood (Index),All Items -> Food Excl Food Serving Services -> Fish & Seafood -> Seafood Preparations (Index),"All Items -> Food Excl Food Serving Services -> Milk, Cheese & Eggs (Index)","All Items -> Food Excl Food Serving Services -> Milk, Cheese & Eggs -> Formula Milk Powder (Index)","All Items -> Food Excl Food Serving Services -> Milk, Cheese & Eggs -> Other Milk & Dairy Products (Index)","All Items -> Food Excl Food Serving Services -> Milk, Cheese & Eggs -> Eggs (Index)",All Items -> Food Excl Food Serving Services -> Oils & Fats (Index),All Items -> Food Excl Food Serving Services -> Oils & Fats -> Butter & Other Fats (Index),All Items -> Food Excl Food Serving Services -> Oils & Fats -> Cooking Oils (Index),All Items -> Food Excl Food Serving Services -> Fruits (Index),"All Items -> Food Excl Food Serving Services -> Fruits -> Tropical Fruits, Fresh (Index)","All Items -> Food Excl Food Serving Services -> Fruits -> Citrus, Berries & Other Fruits, Fresh (Index)",All Items -> Food Excl Food Serving Services -> Fruits -> Preserved Fruits & Nuts (Index),All Items -> Food Excl Food Serving Services -> Vegetables (Index),"All Items -> Food Excl Food Serving Services -> Vegetables -> Leafy Vegetables, Fresh (Index)","All Items -> Food Excl Food Serving Services -> Vegetables -> Fruit Vegetables, Fresh (Index)","All Items -> Food Excl Food Serving Services -> Vegetables -> Root Vegetables, Fresh (Index)",All Items -> Food Excl Food Serving Services -> Vegetables -> Other Vegetables & Preparations (Index),"All Items -> Food Excl Food Serving Services -> Sugar, Preserves & Confectionery (Index)","All Items -> Food Excl Food Serving Services -> Sugar, Preserves & Confectionery -> Sugar (Index)","All Items -> Food Excl Food Serving Services -> Sugar, Preserves & Confectionery -> Confectionery & Ice-Cream (Index)","All Items -> Food Excl Food Serving Services -> Sugar, Preserves & Confectionery -> Sugar Preserves & Spread (Index)",All Items -> Food Excl Food Serving Services -> Non-Alcoholic Beverages (Index),All Items -> Food Excl Food Serving Services -> Non-Alcoholic Beverages -> Coffee & Tea (Index),All Items -> Food Excl Food Serving Services -> Non-Alcoholic Beverages -> Soft Drinks (Index),All Items -> Food Excl Food Serving Services -> Non-Alcoholic Beverages -> Other Beverages (Index),All Items -> Food Excl Food Serving Services -> Other Food (Index),All Items -> Food Serving Services (Index),All Items -> Food Serving Services -> Restaurant Food (Index),All Items -> Food Serving Services -> Fast Food (Index),All Items -> Food Serving Services -> Hawker Food (Index),All Items -> Food Serving Services -> Hawker Food -> Hawker Centres (Index),All Items -> Food Serving Services -> Hawker Food -> Food Courts & Coffee Shops (Index),All Items -> Food Serving Services -> Catered Food (Index),All Items -> Clothing & Footwear (Index),All Items -> Clothing & Footwear -> Clothing (Index),"All Items -> Clothing & Footwear -> Clothing -> Men's Clothing (Index)","All Items -> Clothing & Footwear -> Clothing -> Women's Clothing (Index)","All Items -> Clothing & Footwear -> Clothing -> Children's Clothing (Index)",All Items -> Clothing & Footwear -> Other Articles & Related Services (Index),All Items -> Clothing & Footwear -> Footwear (Index),"All Items -> Clothing & Footwear -> Footwear -> Men's Footwear (Index)","All Items -> Clothing & Footwear -> Footwear -> Women's Footwear (Index)","All Items -> Clothing & Footwear -> Footwear -> Children's Footwear (Index)",All Items -> Housing & Utilities (Index),All Items -> Housing & Utilities -> Accommodation (Index),All Items -> Housing & Utilities -> Utilities & Other Fuels (Index),All Items -> Housing & Utilities -> Utilities & Other Fuels -> Water Supply (Index),All Items -> Housing & Utilities -> Utilities & Other Fuels -> Refuse Collection (Index),All Items -> Housing & Utilities -> Utilities & Other Fuels -> Electricity (Index),All Items -> Housing & Utilities -> Utilities & Other Fuels -> Gas (Index),All Items -> Household Durables & Services (Index),All Items -> Household Durables & Services -> Household Durables (Index),All Items -> Household Durables & Services -> Household Durables -> Furniture (Index),All Items -> Household Durables & Services -> Household Durables -> Furnishings (Index),All Items -> Household Durables & Services -> Household Durables -> Other Household Textiles (Index),All Items -> Household Durables & Services -> Household Durables -> Household Appliances (Index),All Items -> Household Durables & Services -> Household Durables -> Utensils & Others (Index),All Items -> Household Durables & Services -> Household Services & Supplies (Index),All Items -> Household Durables & Services -> Household Services & Supplies -> Non-Durable Household Goods (Index),All Items -> Household Durables & Services -> Household Services & Supplies -> Domestic & Household Services (Index),All Items -> Health Care (Index),All Items -> Health Care -> Medicines & Health Products (Index),All Items -> Health Care -> Medicines & Health Products -> Medicines & Vitamins (Index),All Items -> Health Care -> Medicines & Health Products -> Medical Products (Index),All Items -> Health Care -> Outpatient Services (Index),All Items -> Health Care -> Outpatient Services -> Fees At Polyclinics (Index),All Items -> Health Care -> Outpatient Services -> Fees At General Practitioners (GP) Clinics (Index),All Items -> Health Care -> Outpatient Services -> Fees At Specialist Outpatient Clinics (Index),All Items -> Health Care -> Outpatient Services -> Dental Services (Index),All Items -> Health Care -> Outpatient Services -> Paramedical Services (Index),All Items -> Health Care -> Hospital Services (Index),All Items -> Health Care -> Health Insurance (Index),All Items -> Transport (Index),All Items -> Transport -> Private Transport (Index),All Items -> Transport -> Private Transport -> Cars (Index),All Items -> Transport -> Private Transport -> Motorcycles (Index),All Items -> Transport -> Private Transport -> Petrol (Index),All Items -> Transport -> Private Transport -> Other Private Transport (Index),All Items -> Transport -> Public Transport (Index),All Items -> Transport -> Public Transport -> Bus & Train Fares (Index),All Items -> Transport -> Public Transport -> Point-To-Point Transport Services (Index),All Items -> Transport -> Public Transport -> Other Public Transport (Index),All Items -> Transport -> Other Transport Services (Index),All Items -> Transport -> Other Transport Services -> Air Fares (Index),All Items -> Transport -> Other Transport Services -> Other Transport (Index),All Items -> Communication (Index),All Items -> Communication -> Postage & Courier Services (Index),All Items -> Communication -> Telecommunication Equipment (Index),All Items -> Communication -> Telecommunication Services (Index),All Items -> Recreation & Culture (Index),All Items -> Recreation & Culture -> Recreational & Cultural Goods (Index),All Items -> Recreation & Culture -> Recreational & Cultural Goods -> Information Processing Equipment (Index),All Items -> Recreation & Culture -> Recreational & Cultural Goods -> Audio-Visual Equipment & Others (Index),All Items -> Recreation & Culture -> Recreational & Cultural Goods -> Games & Toys (Index),All Items -> Recreation & Culture -> Recreational & Cultural Goods -> Pets & Related Products (Index),All Items -> Recreation & Culture -> Recreational & Cultural Goods -> Other Recreational & Cultural Goods (Index),All Items -> Recreation & Culture -> Recreational & Cultural Services (Index),All Items -> Recreation & Culture -> Recreational & Cultural Services -> Sport Services & Other Fees (Index),All Items -> Recreation & Culture -> Recreational & Cultural Services -> Cinema Tickets (Index),All Items -> Recreation & Culture -> Recreational & Cultural Services -> Charges To Places Of Interest (Index),All Items -> Recreation & Culture -> Recreational & Cultural Services -> Other Recreational & Cultural Services (Index),"All Items -> Recreation & Culture -> Newspapers, Books & Stationery (Index)","All Items -> Recreation & Culture -> Newspapers, Books & Stationery -> Newspapers & Magazines (Index)","All Items -> Recreation & Culture -> Newspapers, Books & Stationery -> Books & Stationery (Index)",All Items -> Recreation & Culture -> Holiday Expenses (Index),All Items -> Recreation & Culture -> Holiday Expenses -> Package Tours (Index),All Items -> Recreation & Culture -> Holiday Expenses -> Hotels & Other Expenses (Index),All Items -> Education (Index),All Items -> Education -> Tuition & Other Fees (Index),All Items -> Education -> Tuition & Other Fees -> Primary Education (Index),All Items -> Education -> Tuition & Other Fees -> Secondary Education (Index),"All Items -> Education -> Tuition & Other Fees -> Other General, Vocational & Higher Education (Index)",All Items -> Education -> Tuition & Other Fees -> Enrichment & Supplementary Courses (Index),All Items -> Education -> Textbooks & Study Guides (Index),All Items -> Miscellaneous Goods & Services (Index),All Items -> Miscellaneous Goods & Services -> Personal Care (Index),All Items -> Miscellaneous Goods & Services -> Personal Care -> Hairdressing (Index),All Items -> Miscellaneous Goods & Services -> Personal Care -> Personal Grooming Services (Index),All Items -> Miscellaneous Goods & Services -> Personal Care -> Other Personal Care (Index),All Items -> Miscellaneous Goods & Services -> Alcoholic Drinks & Tobacco (Index),All Items -> Miscellaneous Goods & Services -> Alcoholic Drinks & Tobacco -> Spirits & Wine (Index),All Items -> Miscellaneous Goods & Services -> Alcoholic Drinks & Tobacco -> Beer (Index),All Items -> Miscellaneous Goods & Services -> Alcoholic Drinks & Tobacco -> Cigarettes (Index),All Items -> Miscellaneous Goods & Services -> Personal Effects (Index),All Items -> Miscellaneous Goods & Services -> Personal Effects -> Jewellery & Watches (Index),All Items -> Miscellaneous Goods & Services -> Personal Effects -> Other Personal Effects (Index),All Items -> Miscellaneous Goods & Services -> Social Services (Index),All Items -> Miscellaneous Goods & Services -> Other Miscellaneous Services (Index),All Items Less Imputed Rentals On Owner-Occupied Accommodation (Index),All Items Less Accommodation (Index)
  2024,116.3,118.4,117.2,118.1,103.6,108.2,121.3,118.6,122.3,121,120.9,123.7,115.1,121.9,130.6,141.9,115.4,118.3,108.3,107.7,113.5,99.7,120,117.7,110.4,114.9,141.9,116.9,119.2,115.9,113.7,110.4,116.8,111.2,120.6,120.9,119.5,119.4,121.9,114.7,117.8,114.5,113.8,119.8,115.5,122.2,123.1,117.7,119,118.5,120.3,119.2,120.7,118.8,117.3,94.7,93.5,96.9,91.7,94.7,111.3,95.1,93.2,96.3,97.4,114.6,114.3,117.3,107.4,121.3,122.1,116.7,106.5,106.6,109.7,109.1,99.7,104.5,108,106.4,109.4,105.9,110.5,102.8,103.2,101.6,109.6,116.2,102.9,107.5,111.6,115.5,114.9,116.4,134.9,141.6,158.7,148.7,128.4,103.3,124,120.4,131,111.9,107.2,106.2,136.9,102.3,111.9,93.6,102.8,113.8,103.9,98.1,100.8,97.8,111.9,113.8,115.5,118.5,123.6,130.1,106.3,103.6,100,105.9,116.6,118.9,110.6,108.9,108.9,99.4,99.3,103.4,122.6,104.9,103.2,104.9,109.8,107.8,102.4,113.1,102.2,98.6,118.2,97.8,97.4,98,94.5,96.5,116.5,116.8
  2023,113.6,115.1,115.8,113.9,101.4,108.5,116.1,117.3,120,115.4,115.4,123.6,115.6,118.4,131.4,145.2,113.7,115.5,112.4,110.9,117.9,112.1,116.9,115.9,107.2,112.6,145.1,113.8,116.6,112.6,111.7,108.4,114.6,109.6,117.8,119,124.3,109.8,117.3,114,112.2,114.9,111.5,116.6,112.2,119.2,119.7,112.8,114.8,114.1,115.5,115.3,115.7,115.2,113.7,95.8,94.4,97.2,93.6,92.2,109,97.2,96.7,97.5,97.7,111,111,111.2,101,117.8,116.1,110.3,105.8,106.3,109.3,106.5,98.7,104.7,108.4,105.4,108.2,105,106.3,101.3,101.6,100.5,105.4,107.5,98.7,103.9,107.5,111,109.6,110.8,133.8,141.6,160.4,158.3,124.7,100.7,116.1,112.7,122.2,107.7,110.4,109.4,137.1,101.8,99.5,96.6,102.1,109.8,103,94,102.1,99.5,112.5,111.1,110,110.4,120.8,122.1,104.5,102.9,100,104.8,112.2,114.5,106.2,105.5,105.6,99.3,99.3,101.1,116.3,103.2,101.8,103.5,107,104.5,102.1,110.2,100.9,102.2,113.7,97.3,96.1,97.9,93.8,95.2,114,114.3
  2022,108.4,108.8,110.1,106.7,98.4,97.9,107.3,110.2,112.4,108.1,104.8,115.9,109.1,115.2,123.1,130.6,111.3,110.1,106.8,108.2,110.3,101.4,108,109.5,102.5,108.2,128.9,110.4,107.8,111.4,107.9,105.1,110.8,104.1,115.7,119.9,121.6,106.6,112,109.3,105.4,110.1,108,110.2,107.1,113.9,110.5,106.3,108.2,107.7,107.2,108.6,109.2,108.5,107,93.4,93.7,94.8,93.4,92.5,100,91.2,89.3,92,96,106.4,106.2,108.3,100,116.7,111.1,111.9,103.8,104.7,106,108.1,97.8,104.1,105,103.3,103.6,103.2,101.7,99.9,99.8,100.1,99.5,94.4,82.8,101.2,100.9,104.6,104.9,106.9,125.8,131,143.7,158,129.7,94.9,112.4,109.3,118.3,102.1,113.6,112.4,146.8,98.9,97.1,98.8,98.9,103.5,100.8,94.8,100.4,99,103.8,107.2,105.2,106.1,113.4,109.3,100.8,101.6,100,102.6,103.6,107.1,94.5,102.7,102.8,100,100.4,99.9,109.1,100.8,98.7,100.1,101.4,101.5,99.2,100.2,97.5,97.7,101.2,97.2,94.1,98.7,95,95.8,108.7,109
  2021,102.1,103.3,104.5,102.6,99.8,95.9,102.1,103.3,104.7,103.8,102.5,105.8,107,108.4,108.8,103,105.4,106.4,101.5,101.2,101,100.7,103.5,103.5,100.5,105.3,104.9,103,102.1,103.4,104.4,103.2,106.1,101.3,110.4,113.2,114.5,106.2,106.6,105.9,101.7,106.9,103.9,105.3,103.2,106.9,106.5,102.8,102.7,102.7,103,102.8,103,102.7,102.3,90.8,90.9,92.3,90.3,91.1,96.7,89.4,89.9,87.8,96.2,101.1,101.8,95.4,100,100,91.4,102,101.8,101.6,102.6,102.8,97.2,101.3,101.5,101.9,100,102.2,99.6,98.6,98.4,99.3,96.8,88.6,73.3,100.4,97.4,101.9,103,104.9,108.1,109.9,115.5,139.6,109.1,93.2,104.9,107,103.6,97.3,100.8,100.5,109.3,100.1,93,94.8,100.5,99.2,98.9,96,96,98.8,100.6,103.2,101.1,101.5,106.7,92.6,99.4,100.7,100,101.2,98.4,100,94.1,100.6,100.6,100,100.4,98.4,105.1,100.4,98.3,98.5,99.7,101,97.1,98.9,97.8,95.3,99.9,96.4,97.1,96.1,95.3,100,102.1,102.2
  2020,99.8,101.9,102.9,101.9,101.8,97.9,101,102,104.2,102.3,101.2,105.5,108,103.4,110.1,101.5,107.5,105.4,101,100.9,100,99.8,103.1,101.9,100.1,104,99.8,101.8,100.2,102.4,101.7,103.2,100.9,100.8,105,103.7,106.3,105.7,105.6,105.2,100.7,106.5,102.5,103.6,101,105.6,104.9,101.3,101.4,101.5,101.4,101.3,101.6,101.2,101.6,96.2,96.3,95.6,96.4,97.4,99.3,95,94.5,94.7,99.7,99.7,100.4,94.5,100,100,90.8,96.3,100.3,100,100.4,99.8,99.2,99.2,101.6,100.5,101,100.4,98.5,98.6,98.1,100.1,96.5,89.1,77.6,99.8,95.2,101.1,101.5,100,99.3,98.6,101,117.6,92.7,95.3,103.1,107,99,97.7,96.9,96.6,106,100.7,102.5,98.5,100.8,98.2,99.2,99.2,93.6,101,100.3,101.4,99.8,99.5,104.1,90.6,100,100.5,100,100.8,97,98.7,92.7,99.4,99.4,100,100.4,97.6,102.6,100.4,98.8,99.9,99.9,100.7,99.7,99,97.6,96.2,99.9,94.9,98.3,93.1,97.1,100,99.7,99.7
  2019,100,100,100,100,100,100,100,100,100,100,100,100,100,100,100,100,100,100,100,100,100,100,100,100,100,100,100,100,100,100,100,100,100,100,100,100,100,100,100,100,100,100,100,100,100,100,100,100,100,100,100,100,100,100,100,100,100,100,100,100,100,100,100,100,100,100,100,100,100,100,100,100,100,100,100,100,100,100,100,100,100,100,100,100,100,100,100,100,100,100,100,100,100,100,100,100,100,100,100,100,100,100,100,100,100,100,100,100,100,100,100,100,100,100,100,100,100,100,100,100,100,100,100,100,100,100,100,100,100,100,100,100,100,100,100,100,100,100,100,100,100,100,100,100,100,100,100,100,100,100,100,100
  2018,99.4,98.5,98.9,98.5,96.2,100.2,98.9,100.7,98.7,98.5,99.1,99.9,100.2,100,95.2,100,100.4,99.4,98.7,98.6,101.3,98.8,98.6,99.6,100,100.1,96.2,99.4,99.3,99.4,98,96.5,98.7,99.8,98.1,97.5,97,98.6,99,100.2,100.4,100.6,98.1,98.5,99.3,96.8,99.2,99.6,98.3,98.2,98.4,98.4,na,na,95.3,100.8,101.2,101.6,100.7,102.4,100.6,99.5,98.7,100.7,96.7,101,101,101.3,93.6,100,105.9,100,99.2,100.4,99.6,98.5,101.6,101.4,99.7,98.6,100.1,98.3,98.9,100.9,101.3,99.7,98.5,100.2,99.1,97.7,100,98,97.9,99.9,99.2,99.7,99.1,122.4,99.9,99.4,97.6,95.8,100,99.6,99.3,99.3,99.3,100.9,100,111.6,100.5,98.9,101.5,99.9,110.4,97.6,99.8,99.3,98.7,98.6,96.4,98.4,99.8,99.8,99.9,99.8,98.1,97.7,99.6,97.7,97.6,100,100.2,97.8,96.7,100.5,99.6,99.3,98.5,99.9,99.3,99.6,102,101,98.9,100.6,100,100.7,99.8,100.1,99.1,99.1
  2017,99,97.1,97.6,97.1,94.9,102.2,97.3,100.2,97.2,96.7,99.2,99.9,100.1,100.2,94.2,100.5,102.2,98.6,96.2,95.8,99.1,96.9,96.2,98,99.7,97.6,94.1,96.2,92.4,98.1,96.1,93.5,97.4,99.3,98.2,97.6,96.1,99.6,99.3,98.8,99.9,99.2,96.4,97.3,97.8,96.1,98.1,97.9,96.8,96.6,98.2,96.9,na,na,94.3,99.3,100.1,100.8,99.6,100.8,99.8,96.9,96.8,97.2,95.6,102.4,104.1,91.8,81.5,100,95.9,95.3,98.5,100.8,99.6,97.9,103.2,102.4,98.9,97.1,99.5,96.7,96.9,100.7,100.9,100.1,96.7,99.5,97.2,95.9,98.5,96.3,94.3,99.5,99.8,100.3,104.3,123.8,93.7,98.4,98.6,97.9,100,98,97.8,97.8,97.9,102,100,118.7,101.2,97.8,101.9,102.4,109.1,99.7,98.5,98.3,97.6,97.9,94.5,95.1,98.8,99.8,100,99.6,96.1,96,96.6,94.9,94.9,100,100.5,94.4,94.4,100.5,98.7,99.4,98.5,100.1,99.4,94.8,103.9,103.8,92,101.1,101.8,101,98,100,97.9,97.7
  2016,98.4,95.8,96.4,96.5,95.4,101.8,96.8,100.1,96.1,95.3,99.5,99.4,100.1,97.6,94.1,99.6,103.2,97.5,93.8,92.8,93.8,95.3,95.3,97.4,98.4,96.8,96.5,96,90.2,99,93.6,90.9,94.8,97.3,96.7,97.7,94.8,96.3,97.3,96.9,96.3,97.5,94.6,96.9,98,95.9,96.8,96.8,95.4,95.5,97.1,95.3,na,na,92.7,98.7,99.8,102.5,98.2,101.8,98.5,95.2,95.1,95,95.7,105,108.5,84.4,75.7,90.7,87.8,88.5,97.4,101.9,100.2,98.7,104.8,104.5,98.8,94.9,99.7,94,94.6,100.8,100.9,100.5,94.4,97.6,95,93.8,97.2,92.8,90.3,97.9,97.2,96.2,104.3,123.8,85.9,90.9,100.8,102.1,100,95.8,97.8,97.8,96.4,101.4,100,119.9,100.6,97.5,102.8,103.3,113.1,99.9,96.7,98,96.9,96.3,94,92.7,99.4,98.7,98,99.3,95.8,96.4,93.4,92.1,92,100,98.2,91.5,91.3,100,98.5,100.4,97.9,99.7,101.6,94.5,103.1,106.6,91.3,98.8,101.5,98.2,97.9,97.9,96.2,96
  2015,99,93.8,94.2,95.3,94.6,100.7,95,99.1,94.2,94.5,98.2,97.3,96.7,95.6,93.6,96.1,104.8,96.8,89.9,88.4,86.7,92.2,92.2,95.9,95,96,98.3,97.4,90.5,101,91.4,87.1,94,94.3,93,92.2,92.2,90.7,96.2,95.2,96.5,95.7,92.8,96.7,97.2,96.6,96.4,94.9,93.6,93.4,95,93.7,na,na,92.1,98.5,98.9,101.8,97.1,101.3,98.4,97.3,94.6,99.4,97.9,109.5,112.4,92,75.7,90.7,100.9,92.5,95.7,101.6,98.9,99.1,106.3,104.4,98.9,92.4,100.4,90.9,93.6,100.9,100.8,101.3,91.8,95.8,93.1,91.1,95.7,88.9,90.1,97.4,99.6,99.2,109.8,119.7,89.4,90.2,100.9,103.1,99.7,92.4,100.1,100.2,97.1,101.8,100,118.2,101,96.6,103.4,104.1,114.7,100.9,96.8,97.2,96.4,94.3,98.4,91.3,99.3,94,87.5,99.1,94.6,95.7,90.5,89.4,89.3,101,98.9,89.2,86.9,99.2,98.3,100.4,97.4,99.3,101.8,94.3,103.2,107.6,90.9,97.4,101.8,96.5,97.5,98,95.9,95.7
  2014,99.5,92.1,93.1,94.1,95.5,101.6,93.2,100.3,92.7,91.8,97.9,96.7,96,93.5,91.8,96.4,105,95.3,88.6,86.4,82.1,91.5,92.3,94,90.7,96.4,96.6,97.9,90.1,102,89.8,85.8,91.8,94,92.2,91.3,90.4,89.4,96.3,94.4,97.5,94.6,91.9,96.4,97.3,96.6,95.5,93.1,91.5,90.5,93.4,91.9,na,na,91.9,98.5,99.3,101,98.4,99.7,98.3,95.9,94.4,96.8,97.5,113.5,115.4,102,75.7,75,118.9,103.8,96.3,101.1,97.8,99.4,104.2,104.4,99.8,93.6,101.2,92.2,93.6,100.1,99.7,101.3,95.5,175.9,95.4,92.9,96.8,87.4,87.3,97.5,101.1,101.4,111.9,99.4,93.8,91.7,98.9,100.4,99.3,87.9,103.3,103.5,99.4,101.4,95.2,117.9,100.7,96.3,103.5,104.5,117.3,100,96.6,96,95.9,93.7,95.5,99.2,98.3,92.6,87.6,96.6,94.4,95.8,89.1,86.4,86.3,104,103.8,86.3,82.1,98.6,98.3,100.8,96.5,99.1,102.9,93.4,105.3,105.5,89.6,98.7,100.7,98.2,94.9,97.7,95.9,95.6
  2013,98.5,89.5,90.4,92.7,na,na,na,na,na,na,na,95.1,na,na,na,na,na,na,86.1,na,na,na,na,89.5,na,na,na,97.4,na,na,83.4,na,na,na,89.1,na,na,na,na,94.9,na,na,na,95.4,na,na,na,91,89,88.4,90.3,89.2,na,na,90.7,99.3,100.7,na,na,na,96,95.3,na,na,na,113.4,115,103.3,na,na,na,na,94.6,100.3,na,na,na,na,na,91.6,na,na,91.1,99.3,na,na,93.5,na,na,na,na,na,82.9,95.1,102.3,103.5,na,na,na,na,96.9,na,na,na,102.1,na,na,101.6,91.9,116.8,101,94.6,103.2,na,na,na,na,na,93.6,na,na,na,na,92.4,na,na,92.5,na,na,83.6,83.4,na,na,na,na,96.8,97.2,101.1,na,na,na,88.2,na,na,na,98.5,na,na,na,na,94.7,94.4
  2012,96.2,87.6,88.3,91.3,na,na,na,na,na,na,na,94.2,na,na,na,na,na,na,83.5,na,na,na,na,85.8,na,na,na,98.1,na,na,79.9,na,na,na,86.7,na,na,na,na,95.2,na,na,na,94.4,na,na,na,89.7,87.2,86.3,89.4,87.6,na,na,89.9,98.9,100.3,na,na,na,96.1,95,na,na,na,110.3,110.5,107.4,na,na,na,na,90.2,100,na,na,na,na,na,85.9,na,na,87.8,97.1,na,na,90.6,na,na,na,na,na,79.3,89,100,100.7,na,na,na,na,96.5,na,na,na,99,na,na,103.1,91.9,117.6,102.5,93.5,104.3,na,na,na,na,na,90.2,na,na,na,na,92.2,na,na,92,na,na,80.5,80.2,na,na,na,na,96.2,95.4,100,na,na,na,87.7,na,na,na,98.7,na,na,na,na,93,92.7
  2011,92,85.6,86.2,89.6,na,na,na,na,na,na,na,92.4,na,na,na,na,na,na,80.3,na,na,na,na,82.2,na,na,na,95.3,na,na,78,na,na,na,85.7,na,na,na,na,95.2,na,na,na,92.5,na,na,na,87.5,85.3,83.4,89.4,85.9,na,na,89.2,97.5,98.8,na,na,na,95.1,93.7,na,na,na,101.7,101.5,101.5,na,na,na,na,88.1,99.9,na,na,na,na,na,83.1,na,na,84.1,94.7,na,na,86.1,na,na,na,na,na,74.3,89,93.4,93.5,na,na,na,na,92.1,na,na,na,95.9,na,na,103.2,91.9,120.2,102.5,92.6,106.9,na,na,na,na,na,87.5,na,na,na,na,92,na,na,91,na,na,77.3,77,na,na,na,na,95.1,94.4,99.6,na,na,na,87.2,na,na,na,99,na,na,na,na,89.7,89.6
  2010,87.4,83.1,83.3,88,na,na,na,na,na,na,na,89.9,na,na,na,na,na,na,75.7,na,na,na,na,78.5,na,na,na,91.3,na,na,75.2,na,na,na,82.5,na,na,na,na,93.2,na,na,na,90.1,na,na,na,85.2,83,81.1,87.8,83.6,na,na,88,97.4,98.4,na,na,na,95.6,94.1,na,na,na,93.3,92.8,94.9,na,na,na,na,82.7,99.8,na,na,na,na,na,76.1,na,na,82.2,92.3,na,na,84.1,na,na,na,na,na,72.1,88.5,83.5,81.4,na,na,na,na,91.2,na,na,na,91.6,na,na,104.7,91.9,129,103.7,93.9,109,na,na,na,na,na,97,na,na,na,na,91.7,na,na,87.4,na,na,74.7,74.4,na,na,na,na,90.4,93.5,98.6,na,na,na,86.3,na,na,na,99.2,na,na,na,na,86.1,85.9
  2009,85,82,81.4,86.3,na,na,na,na,na,na,na,88.3,na,na,na,na,na,na,73.9,na,na,na,na,76.6,na,na,na,93.2,na,na,73.8,na,na,na,78.2,na,na,na,na,90.3,na,na,na,89.8,na,na,na,83.9,82.4,80.2,87.3,83.1,na,na,88,96.8,97.8,na,na,na,95.2,94,na,na,na,91.3,92,86.5,na,na,na,na,81.9,99.8,na,na,na,na,na,75,na,na,80.7,91.1,na,na,82.1,na,na,na,na,na,70.7,88.2,75.7,71.6,na,na,na,na,91.5,na,na,na,88.7,na,na,107.1,91.9,144.3,105.6,93,111,na,na,na,na,na,97.8,na,na,na,na,91.2,na,na,84.4,na,na,72.2,71.9,na,na,na,na,88.5,92.9,98,na,na,na,85.9,na,na,na,98.1,na,na,na,na,83.4,83.2
  2008,84.5,80.2,79.4,83.3,na,na,na,na,na,na,na,84,na,na,na,na,na,na,72.8,na,na,na,na,75.1,na,na,na,93.7,na,na,71.9,na,na,na,77.4,na,na,na,na,90,na,na,na,89.4,na,na,na,80.3,80.7,79.3,85.2,81,na,na,86.7,95.9,96,na,na,na,94.3,96.2,na,na,na,89.5,87.3,100.2,na,na,na,na,81,100,na,na,na,na,na,73.8,na,na,79.3,91,na,na,79.9,na,na,na,na,na,69.3,86.9,78.1,74.1,na,na,na,na,92.7,na,na,na,99.1,na,na,106.9,91.9,145.5,105.2,94.2,115,na,na,na,na,na,97.2,na,na,na,na,87.9,na,na,86.8,na,na,71.7,71.4,na,na,na,na,86.8,92.6,97.6,na,na,na,85.4,na,na,na,98.7,na,na,na,na,83.7,83.6
  2007,79.3,74.4,72.3,71.9,na,na,na,na,na,na,na,75.8,na,na,na,na,na,na,69.6,na,na,na,na,67.2,na,na,na,70.1,na,na,67.7,na,na,na,73,na,na,na,na,85.6,na,na,na,83.6,na,na,na,74.5,76,75,82.7,75.9,na,na,82.4,94.5,94.5,na,na,na,94.2,94.9,na,na,na,77.8,76.4,85,na,na,na,na,79.2,97.5,na,na,na,na,na,72.2,na,na,75.2,86.1,na,na,75.7,na,na,na,na,na,64.8,86.6,75,71.7,na,na,na,na,87.8,na,na,na,89,na,na,106.7,91.5,149.6,105,90.8,118.1,na,na,na,na,na,93.2,na,na,na,na,85.6,na,na,81.2,na,na,68.5,68.2,na,na,na,na,83.6,90.8,95.6,na,na,na,83.7,na,na,na,97.7,na,na,na,na,na,79.3
  2006,77.6,72.3,69.5,69.6,na,na,na,na,na,na,na,74,na,na,na,na,na,na,68.1,na,na,na,na,63.3,na,na,na,65,na,na,64.7,na,na,na,68.6,na,na,na,na,81.9,na,na,na,79.1,na,na,na,72.6,74.4,72.5,81,74.6,na,na,80.6,93.9,94.2,na,na,na,93.5,93,na,na,na,77.6,75.2,86.5,na,na,na,na,78.9,98.1,na,na,na,na,na,71.4,na,na,72.3,82.5,na,na,72.9,na,na,na,na,na,61.4,86.9,73.1,70.3,na,na,na,na,84.6,na,na,na,86.7,na,na,105.9,79.5,156.9,104,88.1,122,na,na,na,na,na,91.5,na,na,na,na,84.9,na,na,75.3,na,na,66.7,66.4,na,na,na,na,80.3,88.9,94,na,na,na,81.8,na,na,na,95.6,na,na,na,na,na,77.6
  2005,76.9,71.2,68.2,68.7,na,na,na,na,na,na,na,73.1,na,na,na,na,na,na,66,na,na,na,na,62.3,na,na,na,64,na,na,63.8,na,na,na,67.7,na,na,na,na,75.3,na,na,na,77.6,na,na,na,71.1,73.5,71.4,79.8,73.7,na,na,80.5,93.2,93,na,na,na,93.5,93.9,na,na,na,75.2,74.7,78.2,na,na,na,na,79.4,98.4,na,na,na,na,na,72,na,na,71.6,81,na,na,72.4,na,na,na,na,na,61,86.9,74.3,73,na,na,na,na,81.9,na,na,na,87.4,na,na,106.9,79,186.2,104.3,88.6,125.9,na,na,na,na,na,90.5,na,na,na,na,84.1,na,na,75.7,na,na,64.6,64.4,na,na,na,na,77.6,86.7,93.6,na,na,na,79.4,na,na,na,92.8,na,na,na,na,na,76.8
  2004,76.5,70.3,66.8,67.9,na,na,na,na,na,na,na,69.6,na,na,na,na,na,na,64.4,na,na,na,na,62.2,na,na,na,63.5,na,na,64.1,na,na,na,66,na,na,na,na,74,na,na,na,76.5,na,na,na,69.6,73,70.2,79.5,73.4,na,na,80.2,93.1,92.7,na,na,na,93.3,94.6,na,na,na,74.2,74.7,74.2,na,na,na,na,81.9,98.9,na,na,na,na,na,75.7,na,na,71.3,81,na,na,71.9,na,na,na,na,na,60.5,86.9,76.2,75.9,na,na,na,na,81.1,na,na,na,89.3,na,na,108.1,79,212.2,104.8,87.6,130.8,na,na,na,na,na,87.1,na,na,na,na,83.9,na,na,73.6,na,na,62.6,62.4,na,na,na,na,75.8,83.1,93.2,na,na,na,70.3,na,na,na,95,na,na,na,na,na,76.4
  2003,75.3,68.9,64.7,65.5,na,na,na,na,na,na,na,64.6,na,na,na,na,na,na,63.7,na,na,na,na,57.8,na,na,na,61.6,na,na,63,na,na,na,66.1,na,na,na,na,72.9,na,na,na,74.8,na,na,na,69.6,72.2,68.3,78.5,72.9,na,na,na,92.9,92.4,na,na,na,91.9,95.2,na,na,na,74.3,75.1,73.3,na,na,na,na,82.5,98,na,na,na,na,na,77.4,na,na,67.5,79.9,na,na,65.7,na,na,na,na,na,59.9,na,75.1,74.1,na,na,na,na,81.1,na,na,na,90.4,na,na,108.1,78.4,223.8,104.6,86.4,132.9,na,na,na,na,na,86.1,na,na,na,na,76.4,na,na,73,na,na,60.4,60.1,na,na,na,na,74.3,78,92.6,na,na,na,60.2,na,na,na,94.8,na,na,na,na,na,74.9
  2002,74.9,68.5,64.3,64.2,na,na,na,na,na,na,na,62.4,na,na,na,na,na,na,64.8,na,na,na,na,57.4,na,na,na,60.4,na,na,62.2,na,na,na,67.5,na,na,na,na,71.9,na,na,na,74.1,na,na,na,69.8,71.7,67,77.6,72.7,na,na,na,92.4,91.5,na,na,na,92,95.9,na,na,na,74.6,76,71.6,na,na,na,na,82.9,99,na,na,na,na,na,77.4,na,na,66.2,78.8,na,na,64.2,na,na,na,na,na,59,na,75.2,74.8,na,na,na,na,80.3,na,na,na,90.6,na,na,106.7,78.4,231,102.9,87.9,135.6,na,na,na,na,na,85.3,na,na,na,na,75.1,na,na,75.8,na,na,58.5,58.2,na,na,na,na,70.5,74.2,92.4,na,na,na,52.3,na,na,na,93.6,na,na,na,na,na,74.3
  2001,75.2,68.4,65.1,66.7,na,na,na,na,na,na,na,62,na,na,na,na,na,na,66.1,na,na,na,na,57.6,na,na,na,62.2,na,na,62.9,na,na,na,66.7,na,na,na,na,72.5,na,na,na,74.9,na,na,na,69.9,71.1,66.5,76.5,72.1,na,na,na,92,91.1,na,na,na,93.7,94.9,na,na,na,76.2,76.6,76.7,na,na,na,na,83.6,100.7,na,na,na,na,na,77.5,na,na,64.3,77.6,na,na,61.4,na,na,na,na,na,58.8,na,76.1,76.8,na,na,na,na,79,na,na,na,92.7,na,na,107,80.4,231.8,103.1,87.8,139.4,na,na,na,na,na,84.2,na,na,na,na,74.1,na,na,75.2,na,na,57.1,57,na,na,na,na,67.7,74.5,92.9,na,na,na,51.7,na,na,na,94,na,na,na,na,na,74.5
  2000,74.4,68.1,65.3,67.3,na,na,na,na,na,na,na,62.3,na,na,na,na,na,na,65.8,na,na,na,na,57.7,na,na,na,65.5,na,na,62.9,na,na,na,68.1,na,na,na,na,72.6,na,na,na,73.4,na,na,na,70.2,70.3,65.2,74.7,71.5,na,na,na,91.7,90.8,na,na,na,93,94.6,na,na,na,74.8,76.1,72.3,na,na,na,na,83.9,101.8,na,na,na,na,na,77.4,na,na,62.5,76.7,na,na,58.8,na,na,na,na,na,57.6,na,76.9,79.2,na,na,na,na,77.1,na,na,na,93,na,na,109.5,78.4,297.2,104,85.6,145,na,na,na,na,na,81.8,na,na,na,na,73.3,na,na,70.4,na,na,55,54.8,na,na,na,na,65.8,72,90.9,na,na,na,47.4,na,na,na,94.3,na,na,na,na,na,73.7
  1999,73.4,67.7,65,na,na,na,na,na,na,na,na,na,na,na,na,na,na,na,na,na,na,na,na,na,na,na,na,na,na,na,na,na,na,na,na,na,na,na,na,na,na,na,na,na,na,na,na,na,69.9,na,na,na,na,na,na,92.5,na,na,na,na,na,na,na,na,na,72.7,na,na,na,na,na,na,84.4,na,na,na,na,na,na,na,na,na,61.9,na,na,na,na,na,na,na,na,na,na,na,74.3,na,na,na,na,na,na,na,na,na,na,na,na,113,na,na,na,84.8,na,na,na,na,na,na,na,na,na,na,na,na,na,na,na,na,na,53.6,na,na,na,na,na,na,70.8,na,na,na,na,na,na,na,na,na,na,na,na,na,na,na
  1998,73.4,67.2,64.2,na,na,na,na,na,na,na,na,na,na,na,na,na,na,na,na,na,na,na,na,na,na,na,na,na,na,na,na,na,na,na,na,na,na,na,na,na,na,na,na,na,na,na,na,na,69.5,na,na,na,na,na,na,94.4,na,na,na,na,na,na,na,na,na,73.7,na,na,na,na,na,na,84.4,na,na,na,na,na,na,na,na,na,61.7,na,na,na,na,na,na,na,na,na,na,na,74.6,na,na,na,na,na,na,na,na,na,na,na,na,114.5,na,na,na,85.6,na,na,na,na,na,na,na,na,na,na,na,na,na,na,na,na,na,51.4,na,na,na,na,na,na,69.7,na,na,na,na,na,na,na,na,na,na,na,na,na,na,na
  1997,73.6,67,64.9,na,na,na,na,na,na,na,na,na,na,na,na,na,na,na,na,na,na,na,na,na,na,na,na,na,na,na,na,na,na,na,na,na,na,na,na,na,na,na,na,na,na,na,na,na,68.5,na,na,na,na,na,na,95.7,na,na,na,na,na,na,na,na,na,71.8,na,na,na,na,na,na,84.1,na,na,na,na,na,na,na,na,na,59.5,na,na,na,na,na,na,na,na,na,na,na,78.6,na,na,na,na,na,na,na,na,na,na,na,na,118.8,na,na,na,88.9,na,na,na,na,na,na,na,na,na,na,na,na,na,na,na,na,na,49,na,na,na,na,na,na,68.5,na,na,na,na,na,na,na,na,na,na,na,na,na,na,na
  1996,72.2,65.7,63.4,na,na,na,na,na,na,na,na,na,na,na,na,na,na,na,na,na,na,na,na,na,na,na,na,na,na,na,na,na,na,na,na,na,na,na,na,na,na,na,na,na,na,na,na,na,67.4,na,na,na,na,na,na,94.9,na,na,na,na,na,na,na,na,na,69.8,na,na,na,na,na,na,84.3,na,na,na,na,na,na,na,na,na,57.7,na,na,na,na,na,na,na,na,na,na,na,75.1,na,na,na,na,na,na,na,na,na,na,na,na,121.6,na,na,na,89.7,na,na,na,na,na,na,na,na,na,na,na,na,na,na,na,na,na,47.6,na,na,na,na,na,na,67.6,na,na,na,na,na,na,na,na,na,na,na,na,na,na,na
  1995,71.2,64.3,62.3,na,na,na,na,na,na,na,na,na,na,na,na,na,na,na,na,na,na,na,na,na,na,na,na,na,na,na,na,na,na,na,na,na,na,na,na,na,na,na,na,na,na,na,na,na,65.7,na,na,na,na,na,na,94.3,na,na,na,na,na,na,na,na,na,69.1,na,na,na,na,na,na,83.8,na,na,na,na,na,na,na,na,na,56.6,na,na,na,na,na,na,na,na,na,na,na,74.7,na,na,na,na,na,na,na,na,na,na,na,na,122.3,na,na,na,88.7,na,na,na,na,na,na,na,na,na,na,na,na,na,na,na,na,na,45.6,na,na,na,na,na,na,66.7,na,na,na,na,na,na,na,na,na,na,na,na,na,na,na
  1994,70,62.9,61.4,na,na,na,na,na,na,na,na,na,na,na,na,na,na,na,na,na,na,na,na,na,na,na,na,na,na,na,na,na,na,na,na,na,na,na,na,na,na,na,na,na,na,na,na,na,63.8,na,na,na,na,na,na,92.9,na,na,na,na,na,na,na,na,na,68.5,na,na,na,na,na,na,80.1,na,na,na,na,na,na,na,na,na,55.7,na,na,na,na,na,na,na,na,na,na,na,74,na,na,na,na,na,na,na,na,na,na,na,na,125.4,na,na,na,87.8,na,na,na,na,na,na,na,na,na,na,na,na,na,na,na,na,na,43.8,na,na,na,na,na,na,65.9,na,na,na,na,na,na,na,na,na,na,na,na,na,na,na
  1993,67.9,60.7,59.5,na,na,na,na,na,na,na,na,na,na,na,na,na,na,na,na,na,na,na,na,na,na,na,na,na,na,na,na,na,na,na,na,na,na,na,na,na,na,na,na,na,na,na,na,na,61.4,na,na,na,na,na,na,90.8,na,na,na,na,na,na,na,na,na,67.5,na,na,na,na,na,na,79.3,na,na,na,na,na,na,na,na,na,54.2,na,na,na,na,na,na,na,na,na,na,na,68.8,na,na,na,na,na,na,na,na,na,na,na,na,125.2,na,na,na,86.7,na,na,na,na,na,na,na,na,na,na,na,na,na,na,na,na,na,42.4,na,na,na,na,na,na,64,na,na,na,na,na,na,na,na,na,na,na,na,na,na,na
  1992,66.4,60.1,59.5,na,na,na,na,na,na,na,na,na,na,na,na,na,na,na,na,na,na,na,na,na,na,na,na,na,na,na,na,na,na,na,na,na,na,na,na,na,na,na,na,na,na,na,na,na,60.2,na,na,na,na,na,na,89.6,na,na,na,na,na,na,na,na,na,65.2,na,na,na,na,na,na,78.1,na,na,na,na,na,na,na,na,na,52.5,na,na,na,na,na,na,na,na,na,na,na,66.7,na,na,na,na,na,na,na,na,na,na,na,na,126.2,na,na,na,85.2,na,na,na,na,na,na,na,na,na,na,na,na,na,na,na,na,na,40.7,na,na,na,na,na,na,60,na,na,na,na,na,na,na,na,na,na,na,na,na,na,na
  1991,64.9,59.4,58.9,na,na,na,na,na,na,na,na,na,na,na,na,na,na,na,na,na,na,na,na,na,na,na,na,na,na,na,na,na,na,na,na,na,na,na,na,na,na,na,na,na,na,na,na,na,59.4,na,na,na,na,na,na,87.5,na,na,na,na,na,na,na,na,na,63.5,na,na,na,na,na,na,76.3,na,na,na,na,na,na,na,na,na,51.2,na,na,na,na,na,na,na,na,na,na,na,64.7,na,na,na,na,na,na,na,na,na,na,na,na,126.2,na,na,na,83.2,na,na,na,na,na,na,na,na,na,na,na,na,na,na,na,na,na,38.2,na,na,na,na,na,na,58.1,na,na,na,na,na,na,na,na,na,na,na,na,na,na,na
  1990,62.7,58.5,58.3,na,na,na,na,na,na,na,na,na,na,na,na,na,na,na,na,na,na,na,na,na,na,na,na,na,na,na,na,na,na,na,na,na,na,na,na,na,na,na,na,na,na,na,na,na,58.2,na,na,na,na,na,na,86,na,na,na,na,na,na,na,na,na,62.1,na,na,na,na,na,na,75.8,na,na,na,na,na,na,na,na,na,47.4,na,na,na,na,na,na,na,na,na,na,na,60.1,na,na,na,na,na,na,na,na,na,na,na,na,125.3,na,na,na,80,na,na,na,na,na,na,na,na,na,na,na,na,na,na,na,na,na,34.5,na,na,na,na,na,na,54.7,na,na,na,na,na,na,na,na,na,na,na,na,na,na,na
  1989,60.7,58,na,na,na,na,na,na,na,na,na,na,na,na,na,na,na,na,na,na,na,na,na,na,na,na,na,na,na,na,na,na,na,na,na,na,na,na,na,na,na,na,na,na,na,na,na,na,na,na,na,na,na,na,na,85.2,na,na,na,na,na,na,na,na,na,57.9,na,na,na,na,na,na,73.3,na,na,na,na,na,na,na,na,na,45.2,na,na,na,na,na,na,na,na,na,na,na,55.5,na,na,na,na,na,na,na,na,na,na,na,na,122.4,na,na,na,78.6,na,na,na,na,na,na,na,na,na,na,na,na,na,na,na,na,na,31.8,na,na,na,na,na,na,52.9,na,na,na,na,na,na,na,na,na,na,na,na,na,na,na
  1988,59.3,57.4,na,na,na,na,na,na,na,na,na,na,na,na,na,na,na,na,na,na,na,na,na,na,na,na,na,na,na,na,na,na,na,na,na,na,na,na,na,na,na,na,na,na,na,na,na,na,na,na,na,na,na,na,na,83.7,na,na,na,na,na,na,na,na,na,56.9,na,na,na,na,na,na,72.1,na,na,na,na,na,na,na,na,na,44.2,na,na,na,na,na,na,na,na,na,na,na,52.7,na,na,na,na,na,na,na,na,na,na,na,na,116.8,na,na,na,76.6,na,na,na,na,na,na,na,na,na,na,na,na,na,na,na,na,na,30.2,na,na,na,na,na,na,51.2,na,na,na,na,na,na,na,na,na,na,na,na,na,na,na
  1987,58.4,56.6,na,na,na,na,na,na,na,na,na,na,na,na,na,na,na,na,na,na,na,na,na,na,na,na,na,na,na,na,na,na,na,na,na,na,na,na,na,na,na,na,na,na,na,na,na,na,na,na,na,na,na,na,na,81,na,na,na,na,na,na,na,na,na,56.9,na,na,na,na,na,na,71.2,na,na,na,na,na,na,na,na,na,43.2,na,na,na,na,na,na,na,na,na,na,na,52.2,na,na,na,na,na,na,na,na,na,na,na,na,116.8,na,na,na,74.5,na,na,na,na,na,na,na,na,na,na,na,na,na,na,na,na,na,28.3,na,na,na,na,na,na,50.3,na,na,na,na,na,na,na,na,na,na,na,na,na,na,na
  1986,58.1,56.7,na,na,na,na,na,na,na,na,na,na,na,na,na,na,na,na,na,na,na,na,na,na,na,na,na,na,na,na,na,na,na,na,na,na,na,na,na,na,na,na,na,na,na,na,na,na,na,na,na,na,na,na,na,80.6,na,na,na,na,na,na,na,na,na,57.8,na,na,na,na,na,na,70.8,na,na,na,na,na,na,na,na,na,42.8,na,na,na,na,na,na,na,na,na,na,na,51.6,na,na,na,na,na,na,na,na,na,na,na,na,116.5,na,na,na,73.6,na,na,na,na,na,na,na,na,na,na,na,na,na,na,na,na,na,27.5,na,na,na,na,na,na,47.8,na,na,na,na,na,na,na,na,na,na,na,na,na,na,na
  1985,58.9,57.5,na,na,na,na,na,na,na,na,na,na,na,na,na,na,na,na,na,na,na,na,na,na,na,na,na,na,na,na,na,na,na,na,na,na,na,na,na,na,na,na,na,na,na,na,na,na,na,na,na,na,na,na,na,82.5,na,na,na,na,na,na,na,na,na,59.1,na,na,na,na,na,na,70.7,na,na,na,na,na,na,na,na,na,42.9,na,na,na,na,na,na,na,na,na,na,na,53.6,na,na,na,na,na,na,na,na,na,na,na,na,122.2,na,na,na,72.9,na,na,na,na,na,na,na,na,na,na,na,na,na,na,na,na,na,25.6,na,na,na,na,na,na,47.6,na,na,na,na,na,na,na,na,na,na,na,na,na,na,na
  1984,58.6,58.2,na,na,na,na,na,na,na,na,na,na,na,na,na,na,na,na,na,na,na,na,na,na,na,na,na,na,na,na,na,na,na,na,na,na,na,na,na,na,na,na,na,na,na,na,na,na,na,na,na,na,na,na,na,84.7,na,na,na,na,na,na,na,na,na,57.1,na,na,na,na,na,na,70.5,na,na,na,na,na,na,na,na,na,42.3,na,na,na,na,na,na,na,na,na,na,na,50.9,na,na,na,na,na,na,na,na,na,na,na,na,139.2,na,na,na,72.9,na,na,na,na,na,na,na,na,na,na,na,na,na,na,na,na,na,24.8,na,na,na,na,na,na,46.8,na,na,na,na,na,na,na,na,na,na,na,na,na,na,na
  1983,57.2,57.4,na,na,na,na,na,na,na,na,na,na,na,na,na,na,na,na,na,na,na,na,na,na,na,na,na,na,na,na,na,na,na,na,na,na,na,na,na,na,na,na,na,na,na,na,na,na,na,na,na,na,na,na,na,85,na,na,na,na,na,na,na,na,na,55.2,na,na,na,na,na,na,70.4,na,na,na,na,na,na,na,na,na,37.8,na,na,na,na,na,na,na,na,na,na,na,48.7,na,na,na,na,na,na,na,na,na,na,na,na,139.2,na,na,na,72.2,na,na,na,na,na,na,na,na,na,na,na,na,na,na,na,na,na,23.6,na,na,na,na,na,na,43.4,na,na,na,na,na,na,na,na,na,na,na,na,na,na,na
  1982,56.6,57.2,na,na,na,na,na,na,na,na,na,na,na,na,na,na,na,na,na,na,na,na,na,na,na,na,na,na,na,na,na,na,na,na,na,na,na,na,na,na,na,na,na,na,na,na,na,na,na,na,na,na,na,na,na,85.1,na,na,na,na,na,na,na,na,na,54.7,na,na,na,na,na,na,69.6,na,na,na,na,na,na,na,na,na,35,na,na,na,na,na,na,na,na,na,na,na,48.2,na,na,na,na,na,na,na,na,na,na,na,na,139.2,na,na,na,72.1,na,na,na,na,na,na,na,na,na,na,na,na,na,na,na,na,na,22.9,na,na,na,na,na,na,41.3,na,na,na,na,na,na,na,na,na,na,na,na,na,na,na
  1981,54.4,54.6,na,na,na,na,na,na,na,na,na,na,na,na,na,na,na,na,na,na,na,na,na,na,na,na,na,na,na,na,na,na,na,na,na,na,na,na,na,na,na,na,na,na,na,na,na,na,na,na,na,na,na,na,na,84.7,na,na,na,na,na,na,na,na,na,52.8,na,na,na,na,na,na,68.3,na,na,na,na,na,na,na,na,na,33.3,na,na,na,na,na,na,na,na,na,na,na,46.9,na,na,na,na,na,na,na,na,na,na,na,na,139.2,na,na,na,71.2,na,na,na,na,na,na,na,na,na,na,na,na,na,na,na,na,na,22.5,na,na,na,na,na,na,39.2,na,na,na,na,na,na,na,na,na,na,na,na,na,na,na
  1980,50.3,49.7,na,na,na,na,na,na,na,na,na,na,na,na,na,na,na,na,na,na,na,na,na,na,na,na,na,na,na,na,na,na,na,na,na,na,na,na,na,na,na,na,na,na,na,na,na,na,na,na,na,na,na,na,na,83.2,na,na,na,na,na,na,na,na,na,50.2,na,na,na,na,na,na,65.8,na,na,na,na,na,na,na,na,na,31.3,na,na,na,na,na,na,na,na,na,na,na,42.1,na,na,na,na,na,na,na,na,na,na,na,na,139.2,na,na,na,65.4,na,na,na,na,na,na,na,na,na,na,na,na,na,na,na,na,na,21.1,na,na,na,na,na,na,36.5,na,na,na,na,na,na,na,na,na,na,na,na,na,na,na
  1979,46.4,45.8,na,na,na,na,na,na,na,na,na,na,na,na,na,na,na,na,na,na,na,na,na,na,na,na,na,na,na,na,na,na,na,na,na,na,na,na,na,na,na,na,na,na,na,na,na,na,na,na,na,na,na,na,na,81.7,na,na,na,na,na,na,na,na,na,44.1,na,na,na,na,na,na,62.2,na,na,na,na,na,na,na,na,na,29.2,na,na,na,na,na,na,na,na,na,na,na,36.9,na,na,na,na,na,na,na,na,na,na,na,na,139.2,na,na,na,63.5,na,na,na,na,na,na,na,na,na,na,na,na,na,na,na,na,na,19.5,na,na,na,na,na,na,33.6,na,na,na,na,na,na,na,na,na,na,na,na,na,na,na
  1978,44.6,44.7,na,na,na,na,na,na,na,na,na,na,na,na,na,na,na,na,na,na,na,na,na,na,na,na,na,na,na,na,na,na,na,na,na,na,na,na,na,na,na,na,na,na,na,na,na,na,na,na,na,na,na,na,na,78.9,na,na,na,na,na,na,na,na,na,42,na,na,na,na,na,na,59.6,na,na,na,na,na,na,na,na,na,28.2,na,na,na,na,na,na,na,na,na,na,na,33.5,na,na,na,na,na,na,na,na,na,na,na,na,137.8,na,na,na,60.5,na,na,na,na,na,na,na,na,na,na,na,na,na,na,na,na,na,18.7,na,na,na,na,na,na,33.1,na,na,na,na,na,na,na,na,na,na,na,na,na,na,na
  1977,42.8,42.3,na,na,na,na,na,na,na,na,na,na,na,na,na,na,na,na,na,na,na,na,na,na,na,na,na,na,na,na,na,na,na,na,na,na,na,na,na,na,na,na,na,na,na,na,na,na,na,na,na,na,na,na,na,77.4,na,na,na,na,na,na,na,na,na,42,na,na,na,na,na,na,58.5,na,na,na,na,na,na,na,na,na,27.1,na,na,na,na,na,na,na,na,na,na,na,31.9,na,na,na,na,na,na,na,na,na,na,na,na,133.7,na,na,na,56.4,na,na,na,na,na,na,na,na,na,na,na,na,na,na,na,na,na,17.8,na,na,na,na,na,na,32,na,na,na,na,na,na,na,na,na,na,na,na,na,na,na
  1976,41.5,40.3,na,na,na,na,na,na,na,na,na,na,na,na,na,na,na,na,na,na,na,na,na,na,na,na,na,na,na,na,na,na,na,na,na,na,na,na,na,na,na,na,na,na,na,na,na,na,na,na,na,na,na,na,na,76.3,na,na,na,na,na,na,na,na,na,41.5,na,na,na,na,na,na,57.3,na,na,na,na,na,na,na,na,na,26.6,na,na,na,na,na,na,na,na,na,na,na,31.7,na,na,na,na,na,na,na,na,na,na,na,na,133.7,na,na,na,56.4,na,na,na,na,na,na,na,na,na,na,na,na,na,na,na,na,na,17.4,na,na,na,na,na,na,31.3,na,na,na,na,na,na,na,na,na,na,na,na,na,na,na
  1975,42.3,42.9,na,na,na,na,na,na,na,na,na,na,na,na,na,na,na,na,na,na,na,na,na,na,na,na,na,na,na,na,na,na,na,na,na,na,na,na,na,na,na,na,na,na,na,na,na,na,na,na,na,na,na,na,na,75.8,na,na,na,na,na,na,na,na,na,38.9,na,na,na,na,na,na,57.9,na,na,na,na,na,na,na,na,na,25.9,na,na,na,na,na,na,na,na,na,na,na,30.4,na,na,na,na,na,na,na,na,na,na,na,na,133.7,na,na,na,56.3,na,na,na,na,na,na,na,na,na,na,na,na,na,na,na,na,na,17.3,na,na,na,na,na,na,30.6,na,na,na,na,na,na,na,na,na,na,na,na,na,na,na
  1974,41.2,42.5,na,na,na,na,na,na,na,na,na,na,na,na,na,na,na,na,na,na,na,na,na,na,na,na,na,na,na,na,na,na,na,na,na,na,na,na,na,na,na,na,na,na,na,na,na,na,na,na,na,na,na,na,na,76.8,na,na,na,na,na,na,na,na,na,36.4,na,na,na,na,na,na,55.4,na,na,na,na,na,na,na,na,na,24.3,na,na,na,na,na,na,na,na,na,na,na,29.1,na,na,na,na,na,na,na,na,na,na,na,na,133.7,na,na,na,55.8,na,na,na,na,na,na,na,na,na,na,na,na,na,na,na,na,na,16.9,na,na,na,na,na,na,28.4,na,na,na,na,na,na,na,na,na,na,na,na,na,na,na
  1973,33.7,33.8,na,na,na,na,na,na,na,na,na,na,na,na,na,na,na,na,na,na,na,na,na,na,na,na,na,na,na,na,na,na,na,na,na,na,na,na,na,na,na,na,na,na,na,na,na,na,na,na,na,na,na,na,na,69.7,na,na,na,na,na,na,na,na,na,31.9,na,na,na,na,na,na,44.2,na,na,na,na,na,na,na,na,na,20.7,na,na,na,na,na,na,na,na,na,na,na,20.7,na,na,na,na,na,na,na,na,na,na,na,na,133.7,na,na,na,51.5,na,na,na,na,na,na,na,na,na,na,na,na,na,na,na,na,na,16.2,na,na,na,na,na,na,24.7,na,na,na,na,na,na,na,na,na,na,na,na,na,na,na
  1972,28.2,25.3,na,na,na,na,na,na,na,na,na,na,na,na,na,na,na,na,na,na,na,na,na,na,na,na,na,na,na,na,na,na,na,na,na,na,na,na,na,na,na,na,na,na,na,na,na,na,na,na,na,na,na,na,na,59.8,na,na,na,na,na,na,na,na,na,30.8,na,na,na,na,na,na,38.8,na,na,na,na,na,na,na,na,na,20.2,na,na,na,na,na,na,na,na,na,na,na,20.7,na,na,na,na,na,na,na,na,na,na,na,na,133.7,na,na,na,50.6,na,na,na,na,na,na,na,na,na,na,na,na,na,na,na,na,na,15.7,na,na,na,na,na,na,22.4,na,na,na,na,na,na,na,na,na,na,na,na,na,na,na
  1971,27.6,24.7,na,na,na,na,na,na,na,na,na,na,na,na,na,na,na,na,na,na,na,na,na,na,na,na,na,na,na,na,na,na,na,na,na,na,na,na,na,na,na,na,na,na,na,na,na,na,na,na,na,na,na,na,na,58.8,na,na,na,na,na,na,na,na,na,30.3,na,na,na,na,na,na,38.4,na,na,na,na,na,na,na,na,na,20.4,na,na,na,na,na,na,na,na,na,na,na,20.6,na,na,na,na,na,na,na,na,na,na,na,na,133.7,na,na,na,50.4,na,na,na,na,na,na,na,na,na,na,na,na,na,na,na,na,na,15.6,na,na,na,na,na,na,21.6,na,na,na,na,na,na,na,na,na,na,na,na,na,na,na
  1970,27.1,24.1,na,na,na,na,na,na,na,na,na,na,na,na,na,na,na,na,na,na,na,na,na,na,na,na,na,na,na,na,na,na,na,na,na,na,na,na,na,na,na,na,na,na,na,na,na,na,na,na,na,na,na,na,na,57.2,na,na,na,na,na,na,na,na,na,29.6,na,na,na,na,na,na,38,na,na,na,na,na,na,na,na,na,20.5,na,na,na,na,na,na,na,na,na,na,na,20.7,na,na,na,na,na,na,na,na,na,na,na,na,133.7,na,na,na,49.1,na,na,na,na,na,na,na,na,na,na,na,na,na,na,na,na,na,15.8,na,na,na,na,na,na,21.5,na,na,na,na,na,na,na,na,na,na,na,na,na,na,na
  1969,27,24.3,na,na,na,na,na,na,na,na,na,na,na,na,na,na,na,na,na,na,na,na,na,na,na,na,na,na,na,na,na,na,na,na,na,na,na,na,na,na,na,na,na,na,na,na,na,na,na,na,na,na,na,na,na,56.9,na,na,na,na,na,na,na,na,na,29.4,na,na,na,na,na,na,37.3,na,na,na,na,na,na,na,na,na,20.5,na,na,na,na,na,na,na,na,na,na,na,20.7,na,na,na,na,na,na,na,na,na,na,na,na,133.7,na,na,na,49.1,na,na,na,na,na,na,na,na,na,na,na,na,na,na,na,na,na,15.5,na,na,na,na,na,na,20.7,na,na,na,na,na,na,na,na,na,na,na,na,na,na,na
  1968,27.1,24.7,na,na,na,na,na,na,na,na,na,na,na,na,na,na,na,na,na,na,na,na,na,na,na,na,na,na,na,na,na,na,na,na,na,na,na,na,na,na,na,na,na,na,na,na,na,na,na,na,na,na,na,na,na,55.7,na,na,na,na,na,na,na,na,na,28.8,na,na,na,na,na,na,37.5,na,na,na,na,na,na,na,na,na,18.9,na,na,na,na,na,na,na,na,na,na,na,20.6,na,na,na,na,na,na,na,na,na,na,na,na,133.7,na,na,na,49.1,na,na,na,na,na,na,na,na,na,na,na,na,na,na,na,na,na,15.2,na,na,na,na,na,na,20,na,na,na,na,na,na,na,na,na,na,na,na,na,na,na
  1967,26.9,24.7,na,na,na,na,na,na,na,na,na,na,na,na,na,na,na,na,na,na,na,na,na,na,na,na,na,na,na,na,na,na,na,na,na,na,na,na,na,na,na,na,na,na,na,na,na,na,na,na,na,na,na,na,na,55.4,na,na,na,na,na,na,na,na,na,28.4,na,na,na,na,na,na,36.8,na,na,na,na,na,na,na,na,na,18.6,na,na,na,na,na,na,na,na,na,na,na,20.6,na,na,na,na,na,na,na,na,na,na,na,na,133.7,na,na,na,49.1,na,na,na,na,na,na,na,na,na,na,na,na,na,na,na,na,na,15.4,na,na,na,na,na,na,19.3,na,na,na,na,na,na,na,na,na,na,na,na,na,na,na
  1966,26,23.6,na,na,na,na,na,na,na,na,na,na,na,na,na,na,na,na,na,na,na,na,na,na,na,na,na,na,na,na,na,na,na,na,na,na,na,na,na,na,na,na,na,na,na,na,na,na,na,na,na,na,na,na,na,55.3,na,na,na,na,na,na,na,na,na,27.7,na,na,na,na,na,na,34.6,na,na,na,na,na,na,na,na,na,18.6,na,na,na,na,na,na,na,na,na,na,na,20.6,na,na,na,na,na,na,na,na,na,na,na,na,133.7,na,na,na,49.1,na,na,na,na,na,na,na,na,na,na,na,na,na,na,na,na,na,15.7,na,na,na,na,na,na,19.2,na,na,na,na,na,na,na,na,na,na,na,na,na,na,na
  1965,25.5,22.9,na,na,na,na,na,na,na,na,na,na,na,na,na,na,na,na,na,na,na,na,na,na,na,na,na,na,na,na,na,na,na,na,na,na,na,na,na,na,na,na,na,na,na,na,na,na,na,na,na,na,na,na,na,54.4,na,na,na,na,na,na,na,na,na,27.9,na,na,na,na,na,na,32.3,na,na,na,na,na,na,na,na,na,18.6,na,na,na,na,na,na,na,na,na,na,na,20.6,na,na,na,na,na,na,na,na,na,na,na,na,133.7,na,na,na,49.1,na,na,na,na,na,na,na,na,na,na,na,na,na,na,na,na,na,15.2,na,na,na,na,na,na,18.9,na,na,na,na,na,na,na,na,na,na,na,na,na,na,na
  1964,25.4,23,na,na,na,na,na,na,na,na,na,na,na,na,na,na,na,na,na,na,na,na,na,na,na,na,na,na,na,na,na,na,na,na,na,na,na,na,na,na,na,na,na,na,na,na,na,na,na,na,na,na,na,na,na,53.7,na,na,na,na,na,na,na,na,na,27.4,na,na,na,na,na,na,31.6,na,na,na,na,na,na,na,na,na,18.6,na,na,na,na,na,na,na,na,na,na,na,20.6,na,na,na,na,na,na,na,na,na,na,na,na,96.6,na,na,na,49.1,na,na,na,na,na,na,na,na,na,na,na,na,na,na,na,na,na,15.6,na,na,na,na,na,na,18.6,na,na,na,na,na,na,na,na,na,na,na,na,na,na,na
  1963,25,22.5,na,na,na,na,na,na,na,na,na,na,na,na,na,na,na,na,na,na,na,na,na,na,na,na,na,na,na,na,na,na,na,na,na,na,na,na,na,na,na,na,na,na,na,na,na,na,na,na,na,na,na,na,na,53.4,na,na,na,na,na,na,na,na,na,26.9,na,na,na,na,na,na,31.5,na,na,na,na,na,na,na,na,na,18.6,na,na,na,na,na,na,na,na,na,na,na,20.5,na,na,na,na,na,na,na,na,na,na,na,na,89.2,na,na,na,49.1,na,na,na,na,na,na,na,na,na,na,na,na,na,na,na,na,na,15.4,na,na,na,na,na,na,18.8,na,na,na,na,na,na,na,na,na,na,na,na,na,na,na
  1962,24.5,21.7,na,na,na,na,na,na,na,na,na,na,na,na,na,na,na,na,na,na,na,na,na,na,na,na,na,na,na,na,na,na,na,na,na,na,na,na,na,na,na,na,na,na,na,na,na,na,na,na,na,na,na,na,na,53.6,na,na,na,na,na,na,na,na,na,26.8,na,na,na,na,na,na,32.2,na,na,na,na,na,na,na,na,na,18.6,na,na,na,na,na,na,na,na,na,na,na,20.5,na,na,na,na,na,na,na,na,na,na,na,na,89.2,na,na,na,49.1,na,na,na,na,na,na,na,na,na,na,na,na,na,na,na,na,na,14.9,na,na,na,na,na,na,18.8,na,na,na,na,na,na,na,na,na,na,na,na,na,na,na
  1961,24.4,21.5,na,na,na,na,na,na,na,na,na,na,na,na,na,na,na,na,na,na,na,na,na,na,na,na,na,na,na,na,na,na,na,na,na,na,na,na,na,na,na,na,na,na,na,na,na,na,na,na,na,na,na,na,na,53.8,na,na,na,na,na,na,na,na,na,26.7,na,na,na,na,na,na,32.1,na,na,na,na,na,na,na,na,na,18.6,na,na,na,na,na,na,na,na,na,na,na,20.5,na,na,na,na,na,na,na,na,na,na,na,na,89.2,na,na,na,49.1,na,na,na,na,na,na,na,na,na,na,na,na,na,na,na,na,na,14.9,na,na,na,na,na,na,18.8,na,na,na,na,na,na,na,na,na,na,na,na,na,na,na
,,,,,,,,,,,,,,,,,,,,,,,,,,,,,,,,,,,,,,,,,,,,,,,,,,,,,,,,,,,,,,,,,,,,,,,,,,,,,,,,,,,,,,,,,,,,,,,,,,,,,,,,,,,,,,,,,,,,,,,,,,,,,,,,,,,,,,,,,,,,,,,,,,,,,,,,
Footnotes:,,,,,,,,,,,,,,,,,,,,,,,,,,,,,,,,,,,,,,,,,,,,,,,,,,,,,,,,,,,,,,,,,,,,,,,,,,,,,,,,,,,,,,,,,,,,,,,,,,,,,,,,,,,,,,,,,,,,,,,,,,,,,,,,,,,,,,,,,,,,,,,,,,,,,,,,
"The weighting pattern of the Consumer Price Index (CPI) was derived from the expenditure values collected from the 2017/18 Household Expenditure Survey (HES) and updated to 2019 values by taking into account price changes between 2017/18 and 2019.  For more information on the CPI rebasing, refer to the Information Paper 'Rebasing of the Consumer Price Index (2019 as Base Year)' (https://www.singstat.gov.sg/-/media/files/publications/economy/ip-e48.pdf).",,,,,,,,,,,,,,,,,,,,,,,,,,,,,,,,,,,,,,,,,,,,,,,,,,,,,,,,,,,,,,,,,,,,,,,,,,,,,,,,,,,,,,,,,,,,,,,,,,,,,,,,,,,,,,,,,,,,,,,,,,,,,,,,,,,,,,,,,,,,,,,,,,,,,,,,
All Items -> Housing & Utilities -> Accommodation (Index):,,,,,,,,,,,,,,,,,,,,,,,,,,,,,,,,,,,,,,,,,,,,,,,,,,,,,,,,,,,,,,,,,,,,,,,,,,,,,,,,,,,,,,,,,,,,,,,,,,,,,,,,,,,,,,,,,,,,,,,,,,,,,,,,,,,,,,,,,,,,,,,,,,,,,,,,
"Accommodation, one of the groups in the Housing & Utilities expenditure division of the CPI, comprises 'rented and owner-occupied accommodation', as well as 'housing maintenance & repairs'.  A significant share of the Accommodation group is 'owner-occupied accommodation (OOA)' cost, which reflects the costs to homeowners of utilising the flow of services provided by their homes over an extended period of time.  Given that the cost of using housing services is not directly observed for homeowners, it is computed based on the imputed rental concept under the rental equivalence method, i.e. proxied by market rentals.  Housing price is not considered in the CPI as it has a high investment component and is treated as a capital good.  As for the CPI for 'housing maintenance & repairs', it takes into account the rebates for service & conservancy charges (S&CC) disbursed to households living in HDB flats in the applicable months.  Imputed rentals have no impact on the cash expenditure of most households in Singapore as they already own their homes, while the inclusion of S&CC rebates results in some volatility in the monthly CPI.  As such, the CPI for 'All Items less accommodation' and 'All Items less imputed rentals on owner-occupied accommodation' are compiled and published as additional indicators.  For 'All Items less imputed rentals on owner-occupied accommodation', actual rentals paid on rented homes are still included in the measure.",,,,,,,,,,,,,,,,,,,,,,,,,,,,,,,,,,,,,,,,,,,,,,,,,,,,,,,,,,,,,,,,,,,,,,,,,,,,,,,,,,,,,,,,,,,,,,,,,,,,,,,,,,,,,,,,,,,,,,,,,,,,,,,,,,,,,,,,,,,,,,,,,,,,,,,,
All Items -> Transport -> Public Transport -> Point-To-Point Transport Services (Index):,,,,,,,,,,,,,,,,,,,,,,,,,,,,,,,,,,,,,,,,,,,,,,,,,,,,,,,,,,,,,,,,,,,,,,,,,,,,,,,,,,,,,,,,,,,,,,,,,,,,,,,,,,,,,,,,,,,,,,,,,,,,,,,,,,,,,,,,,,,,,,,,,,,,,,,,
"Prior to 2019, data pertain to taxi services only.  From 2019 onwards, data pertain to taxi and private hire car services.",,,,,,,,,,,,,,,,,,,,,,,,,,,,,,,,,,,,,,,,,,,,,,,,,,,,,,,,,,,,,,,,,,,,,,,,,,,,,,,,,,,,,,,,,,,,,,,,,,,,,,,,,,,,,,,,,,,,,,,,,,,,,,,,,,,,,,,,,,,,,,,,,,,,,,,,
All Items -> Transport -> Other Transport Services -> Air Fares (Index):,,,,,,,,,,,,,,,,,,,,,,,,,,,,,,,,,,,,,,,,,,,,,,,,,,,,,,,,,,,,,,,,,,,,,,,,,,,,,,,,,,,,,,,,,,,,,,,,,,,,,,,,,,,,,,,,,,,,,,,,,,,,,,,,,,,,,,,,,,,,,,,,,,,,,,,,
"These services were either fully or partially unavailable in April 2020 - February 2023 due to international and safe-distancing measures to contain the COVID-19 pandemic.  Price changes of unavailable services were imputed, in line with international guidelines.  As the services resumed progressively or when restrictions were lifted, actual prices are incorporated into the CPI.",,,,,,,,,,,,,,,,,,,,,,,,,,,,,,,,,,,,,,,,,,,,,,,,,,,,,,,,,,,,,,,,,,,,,,,,,,,,,,,,,,,,,,,,,,,,,,,,,,,,,,,,,,,,,,,,,,,,,,,,,,,,,,,,,,,,,,,,,,,,,,,,,,,,,,,,
All Items -> Recreation & Culture -> Recreational & Cultural Services -> Sport Services & Other Fees (Index):,,,,,,,,,,,,,,,,,,,,,,,,,,,,,,,,,,,,,,,,,,,,,,,,,,,,,,,,,,,,,,,,,,,,,,,,,,,,,,,,,,,,,,,,,,,,,,,,,,,,,,,,,,,,,,,,,,,,,,,,,,,,,,,,,,,,,,,,,,,,,,,,,,,,,,,,
"These services were either fully or partially unavailable in April 2020 - July 2022 due to international and safe-distancing measures to contain the COVID-19 pandemic.  Price changes of unavailable services were imputed, in line with international guidelines.  As the services resumed progressively or when restrictions were lifted, actual prices are incorporated into the CPI.",,,,,,,,,,,,,,,,,,,,,,,,,,,,,,,,,,,,,,,,,,,,,,,,,,,,,,,,,,,,,,,,,,,,,,,,,,,,,,,,,,,,,,,,,,,,,,,,,,,,,,,,,,,,,,,,,,,,,,,,,,,,,,,,,,,,,,,,,,,,,,,,,,,,,,,,
All Items -> Recreation & Culture -> Recreational & Cultural Services -> Cinema Tickets (Index):,,,,,,,,,,,,,,,,,,,,,,,,,,,,,,,,,,,,,,,,,,,,,,,,,,,,,,,,,,,,,,,,,,,,,,,,,,,,,,,,,,,,,,,,,,,,,,,,,,,,,,,,,,,,,,,,,,,,,,,,,,,,,,,,,,,,,,,,,,,,,,,,,,,,,,,,
"These services were either fully or partially unavailable in April 2020 - July 2020 due to international and safe-distancing measures to contain the COVID-19 pandemic.  Price changes of unavailable services were imputed, in line with international guidelines.  As the services resumed progressively or when restrictions were lifted, actual prices are incorporated into the CPI.",,,,,,,,,,,,,,,,,,,,,,,,,,,,,,,,,,,,,,,,,,,,,,,,,,,,,,,,,,,,,,,,,,,,,,,,,,,,,,,,,,,,,,,,,,,,,,,,,,,,,,,,,,,,,,,,,,,,,,,,,,,,,,,,,,,,,,,,,,,,,,,,,,,,,,,,
All Items -> Recreation & Culture -> Recreational & Cultural Services -> Charges To Places Of Interest (Index):,,,,,,,,,,,,,,,,,,,,,,,,,,,,,,,,,,,,,,,,,,,,,,,,,,,,,,,,,,,,,,,,,,,,,,,,,,,,,,,,,,,,,,,,,,,,,,,,,,,,,,,,,,,,,,,,,,,,,,,,,,,,,,,,,,,,,,,,,,,,,,,,,,,,,,,,
"These services were either fully or partially unavailable in April 2020 - July 2020 due to international and safe-distancing measures to contain the COVID-19 pandemic.  Price changes of unavailable services were imputed, in line with international guidelines.  As the services resumed progressively or when restrictions were lifted, actual prices are incorporated into the CPI.",,,,,,,,,,,,,,,,,,,,,,,,,,,,,,,,,,,,,,,,,,,,,,,,,,,,,,,,,,,,,,,,,,,,,,,,,,,,,,,,,,,,,,,,,,,,,,,,,,,,,,,,,,,,,,,,,,,,,,,,,,,,,,,,,,,,,,,,,,,,,,,,,,,,,,,,
All Items -> Recreation & Culture -> Holiday Expenses (Index):,,,,,,,,,,,,,,,,,,,,,,,,,,,,,,,,,,,,,,,,,,,,,,,,,,,,,,,,,,,,,,,,,,,,,,,,,,,,,,,,,,,,,,,,,,,,,,,,,,,,,,,,,,,,,,,,,,,,,,,,,,,,,,,,,,,,,,,,,,,,,,,,,,,,,,,,
"These services were either fully or partially unavailable in April 2020 - February 2023 due to international and safe-distancing measures to contain the COVID-19 pandemic.  Price changes of unavailable services were imputed, in line with international guidelines.  As the services resumed progressively or when restrictions were lifted, actual prices are incorporated into the CPI.",,,,,,,,,,,,,,,,,,,,,,,,,,,,,,,,,,,,,,,,,,,,,,,,,,,,,,,,,,,,,,,,,,,,,,,,,,,,,,,,,,,,,,,,,,,,,,,,,,,,,,,,,,,,,,,,,,,,,,,,,,,,,,,,,,,,,,,,,,,,,,,,,,,,,,,,
All Items -> Recreation & Culture -> Holiday Expenses -> Package Tours (Index):,,,,,,,,,,,,,,,,,,,,,,,,,,,,,,,,,,,,,,,,,,,,,,,,,,,,,,,,,,,,,,,,,,,,,,,,,,,,,,,,,,,,,,,,,,,,,,,,,,,,,,,,,,,,,,,,,,,,,,,,,,,,,,,,,,,,,,,,,,,,,,,,,,,,,,,,
"These services were either fully or partially unavailable in April 2020 - February 2023 due to international and safe-distancing measures to contain the COVID-19 pandemic.  Price changes of unavailable services were imputed, in line with international guidelines.  As the services resumed progressively or when restrictions were lifted, actual prices are incorporated into the CPI.",,,,,,,,,,,,,,,,,,,,,,,,,,,,,,,,,,,,,,,,,,,,,,,,,,,,,,,,,,,,,,,,,,,,,,,,,,,,,,,,,,,,,,,,,,,,,,,,,,,,,,,,,,,,,,,,,,,,,,,,,,,,,,,,,,,,,,,,,,,,,,,,,,,,,,,,
All Items -> Recreation & Culture -> Holiday Expenses -> Hotels & Other Expenses (Index):,,,,,,,,,,,,,,,,,,,,,,,,,,,,,,,,,,,,,,,,,,,,,,,,,,,,,,,,,,,,,,,,,,,,,,,,,,,,,,,,,,,,,,,,,,,,,,,,,,,,,,,,,,,,,,,,,,,,,,,,,,,,,,,,,,,,,,,,,,,,,,,,,,,,,,,,
"These services were either fully or partially unavailable in April 2020 - February 2023 due to international and safe-distancing measures to contain the COVID-19 pandemic.  Price changes of unavailable services were imputed, in line with international guidelines.  As the services resumed progressively or when restrictions were lifted, actual prices are incorporated into the CPI.",,,,,,,,,,,,,,,,,,,,,,,,,,,,,,,,,,,,,,,,,,,,,,,,,,,,,,,,,,,,,,,,,,,,,,,,,,,,,,,,,,,,,,,,,,,,,,,,,,,,,,,,,,,,,,,,,,,,,,,,,,,,,,,,,,,,,,,,,,,,,,,,,,,,,,,,
All Items -> Miscellaneous Goods & Services -> Personal Care -> Personal Grooming Services (Index):,,,,,,,,,,,,,,,,,,,,,,,,,,,,,,,,,,,,,,,,,,,,,,,,,,,,,,,,,,,,,,,,,,,,,,,,,,,,,,,,,,,,,,,,,,,,,,,,,,,,,,,,,,,,,,,,,,,,,,,,,,,,,,,,,,,,,,,,,,,,,,,,,,,,,,,,
"These services were either fully or partially unavailable in April 2020 - June 2020 due to international and safe-distancing measures to contain the COVID-19 pandemic.  Price changes of unavailable services were imputed, in line with international guidelines.  As the services resumed progressively or when restrictions were lifted, actual prices are incorporated into the CPI.",,,,,,,,,,,,,,,,,,,,,,,,,,,,,,,,,,,,,,,,,,,,,,,,,,,,,,,,,,,,,,,,,,,,,,,,,,,,,,,,,,,,,,,,,,,,,,,,,,,,,,,,,,,,,,,,,,,,,,,,,,,,,,,,,,,,,,,,,,,,,,,,,,,,,,,,
All Items Less Imputed Rentals On Owner-Occupied Accommodation (Index):,,,,,,,,,,,,,,,,,,,,,,,,,,,,,,,,,,,,,,,,,,,,,,,,,,,,,,,,,,,,,,,,,,,,,,,,,,,,,,,,,,,,,,,,,,,,,,,,,,,,,,,,,,,,,,,,,,,,,,,,,,,,,,,,,,,,,,,,,,,,,,,,,,,,,,,,
"Accommodation, one of the groups in the Housing & Utilities expenditure division of the CPI, comprises 'rented and owner-occupied accommodation', as well as 'housing maintenance & repairs'.  A significant share of the Accommodation group is 'owner-occupied accommodation (OOA)' cost, which reflects the costs to homeowners of utilising the flow of services provided by their homes over an extended period of time.  Given that the cost of using housing services is not directly observed for homeowners, it is computed based on the imputed rental concept under the rental equivalence method, i.e. proxied by market rentals.  Housing price is not considered in the CPI as it has a high investment component and is treated as a capital good.  As for the CPI for 'housing maintenance & repairs', it takes into account the rebates for service & conservancy charges (S&CC) disbursed to households living in HDB flats in the applicable months.  Imputed rentals have no impact on the cash expenditure of most households in Singapore as they already own their homes, while the inclusion of S&CC rebates results in some volatility in the monthly CPI.  As such, the CPI for 'All Items less accommodation' and 'All Items less imputed rentals on owner-occupied accommodation' are compiled and published as additional indicators.  For 'All Items less imputed rentals on owner-occupied accommodation', actual rentals paid on rented homes are still included in the measure.",,,,,,,,,,,,,,,,,,,,,,,,,,,,,,,,,,,,,,,,,,,,,,,,,,,,,,,,,,,,,,,,,,,,,,,,,,,,,,,,,,,,,,,,,,,,,,,,,,,,,,,,,,,,,,,,,,,,,,,,,,,,,,,,,,,,,,,,,,,,,,,,,,,,,,,,
All Items Less Accommodation (Index):,,,,,,,,,,,,,,,,,,,,,,,,,,,,,,,,,,,,,,,,,,,,,,,,,,,,,,,,,,,,,,,,,,,,,,,,,,,,,,,,,,,,,,,,,,,,,,,,,,,,,,,,,,,,,,,,,,,,,,,,,,,,,,,,,,,,,,,,,,,,,,,,,,,,,,,,
"Accommodation, one of the groups in the Housing & Utilities expenditure division of the CPI, comprises 'rented and owner-occupied accommodation', as well as 'housing maintenance & repairs'.  A significant share of the Accommodation group is 'owner-occupied accommodation (OOA)' cost, which reflects the costs to homeowners of utilising the flow of services provided by their homes over an extended period of time.  Given that the cost of using housing services is not directly observed for homeowners, it is computed based on the imputed rental concept under the rental equivalence method, i.e. proxied by market rentals.  Housing price is not considered in the CPI as it has a high investment component and is treated as a capital good.  As for the CPI for 'housing maintenance & repairs', it takes into account the rebates for service & conservancy charges (S&CC) disbursed to households living in HDB flats in the applicable months.  Imputed rentals have no impact on the cash expenditure of most households in Singapore as they already own their homes, while the inclusion of S&CC rebates results in some volatility in the monthly CPI.  As such, the CPI for 'All Items less accommodation' and 'All Items less imputed rentals on owner-occupied accommodation' are compiled and published as additional indicators.  For 'All Items less imputed rentals on owner-occupied accommodation', actual rentals paid on rented homes are still included in the measure.",,,,,,,,,,,,,,,,,,,,,,,,,,,,,,,,,,,,,,,,,,,,,,,,,,,,,,,,,,,,,,,,,,,,,,,,,,,,,,,,,,,,,,,,,,,,,,,,,,,,,,,,,,,,,,,,,,,,,,,,,,,,,,,,,,,,,,,,,,,,,,,,,,,,,,,,
,,,,,,,,,,,,,,,,,,,,,,,,,,,,,,,,,,,,,,,,,,,,,,,,,,,,,,,,,,,,,,,,,,,,,,,,,,,,,,,,,,,,,,,,,,,,,,,,,,,,,,,,,,,,,,,,,,,,,,,,,,,,,,,,,,,,,,,,,,,,,,,,,,,,,,,,
Definitions,,,,,,,,,,,,,,,,,,,,,,,,,,,,,,,,,,,,,,,,,,,,,,,,,,,,,,,,,,,,,,,,,,,,,,,,,,,,,,,,,,,,,,,,,,,,,,,,,,,,,,,,,,,,,,,,,,,,,,,,,,,,,,,,,,,,,,,,,,,,,,,,,,,,,,,,
2019 As Base Year:,,,,,,,,,,,,,,,,,,,,,,,,,,,,,,,,,,,,,,,,,,,,,,,,,,,,,,,,,,,,,,,,,,,,,,,,,,,,,,,,,,,,,,,,,,,,,,,,,,,,,,,,,,,,,,,,,,,,,,,,,,,,,,,,,,,,,,,,,,,,,,,,,,,,,,,,
The base year is the period with which all the other periods are compared. The base year for the current Consumer Price Index (CPI) is 2019.,,,,,,,,,,,,,,,,,,,,,,,,,,,,,,,,,,,,,,,,,,,,,,,,,,,,,,,,,,,,,,,,,,,,,,,,,,,,,,,,,,,,,,,,,,,,,,,,,,,,,,,,,,,,,,,,,,,,,,,,,,,,,,,,,,,,,,,,,,,,,,,,,,,,,,,,
All Items:,,,,,,,,,,,,,,,,,,,,,,,,,,,,,,,,,,,,,,,,,,,,,,,,,,,,,,,,,,,,,,,,,,,,,,,,,,,,,,,,,,,,,,,,,,,,,,,,,,,,,,,,,,,,,,,,,,,,,,,,,,,,,,,,,,,,,,,,,,,,,,,,,,,,,,,,
"This contains all the CPI expenditure divisions, groups and classes.",,,,,,,,,,,,,,,,,,,,,,,,,,,,,,,,,,,,,,,,,,,,,,,,,,,,,,,,,,,,,,,,,,,,,,,,,,,,,,,,,,,,,,,,,,,,,,,,,,,,,,,,,,,,,,,,,,,,,,,,,,,,,,,,,,,,,,,,,,,,,,,,,,,,,,,,
Consumer Price Index:,,,,,,,,,,,,,,,,,,,,,,,,,,,,,,,,,,,,,,,,,,,,,,,,,,,,,,,,,,,,,,,,,,,,,,,,,,,,,,,,,,,,,,,,,,,,,,,,,,,,,,,,,,,,,,,,,,,,,,,,,,,,,,,,,,,,,,,,,,,,,,,,,,,,,,,,
The Consumer Price Index (CPI) is designed to measure the average price changes in a fixed basket of consumption goods and services commonly purchased by resident households over time. It is widely used as a measure of consumer price inflation.,,,,,,,,,,,,,,,,,,,,,,,,,,,,,,,,,,,,,,,,,,,,,,,,,,,,,,,,,,,,,,,,,,,,,,,,,,,,,,,,,,,,,,,,,,,,,,,,,,,,,,,,,,,,,,,,,,,,,,,,,,,,,,,,,,,,,,,,,,,,,,,,,,,,,,,,
,,,,,,,,,,,,,,,,,,,,,,,,,,,,,,,,,,,,,,,,,,,,,,,,,,,,,,,,,,,,,,,,,,,,,,,,,,,,,,,,,,,,,,,,,,,,,,,,,,,,,,,,,,,,,,,,,,,,,,,,,,,,,,,,,,,,,,,,,,,,,,,,,,,,,,,,
Notation:,,,,,,,,,,,,,,,,,,,,,,,,,,,,,,,,,,,,,,,,,,,,,,,,,,,,,,,,,,,,,,,,,,,,,,,,,,,,,,,,,,,,,,,,,,,,,,,,,,,,,,,,,,,,,,,,,,,,,,,,,,,,,,,,,,,,,,,,,,,,,,,,,,,,,,,,
na   not available or not applicable,,,,,,,,,,,,,,,,,,,,,,,,,,,,,,,,,,,,,,,,,,,,,,,,,,,,,,,,,,,,,,,,,,,,,,,,,,,,,,,,,,,,,,,,,,,,,,,,,,,,,,,,,,,,,,,,,,,,,,,,,,,,,,,,,,,,,,,,,,,,,,,,,,,,,,,,
nec  not elsewhere classified,,,,,,,,,,,,,,,,,,,,,,,,,,,,,,,,,,,,,,,,,,,,,,,,,,,,,,,,,,,,,,,,,,,,,,,,,,,,,,,,,,,,,,,,,,,,,,,,,,,,,,,,,,,,,,,,,,,,,,,,,,,,,,,,,,,,,,,,,,,,,,,,,,,,,,,,
nes  not elsewhere specified,,,,,,,,,,,,,,,,,,,,,,,,,,,,,,,,,,,,,,,,,,,,,,,,,,,,,,,,,,,,,,,,,,,,,,,,,,,,,,,,,,,,,,,,,,,,,,,,,,,,,,,,,,,,,,,,,,,,,,,,,,,,,,,,,,,,,,,,,,,,,,,,,,,,,,,,
 -     nil or negligible or not significant,,,,,,,,,,,,,,,,,,,,,,,,,,,,,,,,,,,,,,,,,,,,,,,,,,,,,,,,,,,,,,,,,,,,,,,,,,,,,,,,,,,,,,,,,,,,,,,,,,,,,,,,,,,,,,,,,,,,,,,,,,,,,,,,,,,,,,,,,,,,,,,,,,,,,,,,
Notes,,,,,,,,,,,,,,,,,,,,,,,,,,,,,,,,,,,,,,,,,,,,,,,,,,,,,,,,,,,,,,,,,,,,,,,,,,,,,,,,,,,,,,,,,,,,,,,,,,,,,,,,,,,,,,,,,,,,,,,,,,,,,,,,,,,,,,,,,,,,,,,,,,,,,,,,
Numbers may not add up to the totals due to rounding.,,,,,,,,,,,,,,,,,,,,,,,,,,,,,,,,,,,,,,,,,,,,,,,,,,,,,,,,,,,,,,,,,,,,,,,,,,,,,,,,,,,,,,,,,,,,,,,,,,,,,,,,,,,,,,,,,,,,,,,,,,,,,,,,,,,,,,,,,,,,,,,,,,,,,,,,
"Data are the latest available at the time of access or download. Some statistics, particularly those for the most recent time periods, are provisional and may be subject to revision at a later date.",,,,,,,,,,,,,,,,,,,,,,,,,,,,,,,,,,,,,,,,,,,,,,,,,,,,,,,,,,,,,,,,,,,,,,,,,,,,,,,,,,,,,,,,,,,,,,,,,,,,,,,,,,,,,,,,,,,,,,,,,,,,,,,,,,,,,,,,,,,,,,,,,,,,,,,,
Values are shown in Singapore dollars (unless otherwise specified).,,,,,,,,,,,,,,,,,,,,,,,,,,,,,,,,,,,,,,,,,,,,,,,,,,,,,,,,,,,,,,,,,,,,,,,,,,,,,,,,,,,,,,,,,,,,,,,,,,,,,,,,,,,,,,,,,,,,,,,,,,,,,,,,,,,,,,,,,,,,,,,,,,,,,,,,
,,,,,,,,,,,,,,,,,,,,,,,,,,,,,,,,,,,,,,,,,,,,,,,,,,,,,,,,,,,,,,,,,,,,,,,,,,,,,,,,,,,,,,,,,,,,,,,,,,,,,,,,,,,,,,,,,,,,,,,,,,,,,,,,,,,,,,,,,,,,,,,,,,,,,,,,
Generated by: SingStat Table Builder,,,,,,,,,,,,,,,,,,,,,,,,,,,,,,,,,,,,,,,,,,,,,,,,,,,,,,,,,,,,,,,,,,,,,,,,,,,,,,,,,,,,,,,,,,,,,,,,,,,,,,,,,,,,,,,,,,,,,,,,,,,,,,,,,,,,,,,,,,,,,,,,,,,,,,,,
Date generated: 05/02/2025,,,,,,,,,,,,,,,,,,,,,,,,,,,,,,,,,,,,,,,,,,,,,,,,,,,,,,,,,,,,,,,,,,,,,,,,,,,,,,,,,,,,,,,,,,,,,,,,,,,,,,,,,,,,,,,,,,,,,,,,,,,,,,,,,,,,,,,,,,,,,,,,,,,,,,,,
Contact: info@singstat.gov.sg,,,,,,,,,,,,,,,,,,,,,,,,,,,,,,,,,,,,,,,,,,,,,,,,,,,,,,,,,,,,,,,,,,,,,,,,,,,,,,,,,,,,,,,,,,,,,,,,,,,,,,,,,,,,,,,,,,,,,,,,,,,,,,,,,,,,,,,,,,,,,,,,,,,,,,,,